[
  {
    "category": "Drugs",
    "productsCount": 74,
    "averagePrice": 773.690946,
    "totalRevenue": 57253.13
  },
  {
    "category": "Adult",
    "productsCount": 68,
    "averagePrice": 802.384412,
    "totalRevenue": 54562.14
  },
  {
    "category": "Electronics",
    "productsCount": 75,
    "averagePrice": 703.66,
    "totalRevenue": 52774.50
  },
  {
    "category": "Garden",
    "productsCount": 65,
    "averagePrice": 765.027846,
    "totalRevenue": 49726.81
  },
  {
    "category": "Weapons",
    "productsCount": 70,
    "averagePrice": 866.179286,
    "totalRevenue": 60632.55
  },
  {
    "category": "For Children",
    "productsCount": 66,
    "averagePrice": 773.192576,
    "totalRevenue": 51030.71
  },
  {
    "category": "Sports",
    "productsCount": 69,
    "averagePrice": 796.870435,
    "totalRevenue": 54984.06
  },
  {
    "category": "Fashion",
    "productsCount": 68,
    "averagePrice": 711.439853,
    "totalRevenue": 48377.91
  },
  {
    "category": "Autoparts",
    "productsCount": 65,
    "averagePrice": 731.329385,
    "totalRevenue": 47536.41
  },
  {
    "category": "Business",
    "productsCount": 70,
    "averagePrice": 767.378571,
    "totalRevenue": 53716.50
  },
  {
    "category": "Other",
    "productsCount": 69,
    "averagePrice": 765.531594,
    "totalRevenue": 52821.68
  }
]