[
  {
    "name": "Warfarin Sodium",
    "price": 770.05,
    "seller": "null null"
  },
  {
    "name": "Pollens - Weeds and Garden Plants, Nettle Urtica dioica",
    "price": 782.77,
    "seller": "null null"
  },
  {
    "name": "Isosorbide Mononitrate",
    "price": 789.91,
    "seller": "null null"
  },
  {
    "name": "Naproxen",
    "price": 807.22,
    "seller": "null null"
  },
  {
    "name": "Meloxicam",
    "price": 809.18,
    "seller": "null null"
  },
  {
    "name": "Clarins Paris Skin Illusion - 114 cappuccino",
    "price": 811.42,
    "seller": "null null"
  },
  {
    "name": "Azithromycin",
    "price": 813.87,
    "seller": "null null"
  },
  {
    "name": "LV-FX",
    "price": 820.87,
    "seller": "null null"
  },
  {
    "name": "IOPE SUPER VITAL",
    "price": 824.68,
    "seller": "null null"
  },
  {
    "name": "Aquafresh",
    "price": 849.93,
    "seller": "null null"
  },
  {
    "name": "RESCRIPTOR",
    "price": 850.52,
    "seller": "null null"
  },
  {
    "name": "Moore Medical Sinus Pain and Pressure Relief",
    "price": 855.39,
    "seller": "null null"
  },
  {
    "name": "Shopko Lip Treatment",
    "price": 861.42,
    "seller": "null null"
  },
  {
    "name": "Perrigo Benzoyl Peroxide",
    "price": 873.24,
    "seller": "null null"
  },
  {
    "name": "ESIKA",
    "price": 879.37,
    "seller": "null null"
  },
  {
    "name": "Levothyroxine Sodium",
    "price": 885.86,
    "seller": "null null"
  },
  {
    "name": "EPZICOM",
    "price": 895.65,
    "seller": "null null"
  },
  {
    "name": "Myristica Argentum Sinus Relief",
    "price": 904.52,
    "seller": "null null"
  },
  {
    "name": "Aspirin",
    "price": 925.45,
    "seller": "null null"
  },
  {
    "name": "Ranitidine",
    "price": 926.64,
    "seller": "null null"
  },
  {
    "name": "Care One Hemorrhoidal",
    "price": 932.18,
    "seller": "null null"
  },
  {
    "name": "Spironolactone",
    "price": 933.69,
    "seller": "null null"
  },
  {
    "name": "pain relief",
    "price": 938.23,
    "seller": "null null"
  },
  {
    "name": "Glipizide and Metformin Hydrochloride",
    "price": 953.60,
    "seller": "null null"
  },
  {
    "name": "Metformin Hydrochloride",
    "price": 953.99,
    "seller": "null null"
  },
  {
    "name": "Homeopathic Rheumatism",
    "price": 967.08,
    "seller": "null null"
  },
  {
    "name": "NEO-POLY-BAC HYDRO",
    "price": 967.32,
    "seller": "null null"
  },
  {
    "name": "Clearskin",
    "price": 968.59,
    "seller": "null null"
  },
  {
    "name": "Dawn Ultra Antibacterial Hand",
    "price": 969.86,
    "seller": "null null"
  },
  {
    "name": "Megestrol Acetate",
    "price": 976.15,
    "seller": "null null"
  },
  {
    "name": "Smooth texture Orange flavor",
    "price": 976.65,
    "seller": "null null"
  },
  {
    "name": "Retin-A MICRO",
    "price": 995.98,
    "seller": "null null"
  }
]