[
  {
    "lastName": "Peterson"
  },
  {
    "lastName": "Schmidt"
  },
  {
    "firstName": "Anna",
    "lastName": "Parker"
  },
  {
    "firstName": "Wanda",
    "lastName": "Harris"
  },
  {
    "firstName": "Carl",
    "lastName": "Daniels"
  },
  {
    "firstName": "Christina",
    "lastName": "Patterson"
  },
  {
    "firstName": "Eugene",
    "lastName": "Stewart"
  },
  {
    "lastName": "Mitchell"
  },
  {
    "firstName": "Brenda",
    "lastName": "Howell"
  },
  {
    "lastName": "Fox"
  },
  {
    "firstName": "Clarence",
    "lastName": "Fowler"
  },
  {
    "firstName": "Christine",
    "lastName": "Gomez"
  },
  {
    "firstName": "Patrick",
    "lastName": "King"
  },
  {
    "firstName": "Bonnie",
    "lastName": "Fox"
  },
  {
    "firstName": "Anna",
    "lastName": "Clark"
  },
  {
    "firstName": "Jeremy",
    "lastName": "Woods"
  },
  {
    "firstName": "Jennifer",
    "lastName": "Riley"
  },
  {
    "lastName": "Cunningham"
  },
  {
    "firstName": "Betty",
    "lastName": "Ward"
  },
  {
    "firstName": "Brandon",
    "lastName": "Fuller"
  },
  {
    "firstName": "Emily",
    "lastName": "Parker"
  },
  {
    "firstName": "Sandra",
    "lastName": "Riley"
  },
  {
    "firstName": "Thomas",
    "lastName": "Snyder"
  },
  {
    "firstName": "Nicole",
    "lastName": "Harris"
  },
  {
    "firstName": "Diana",
    "lastName": "Harvey"
  },
  {
    "firstName": "Ann",
    "lastName": "Stevens"
  },
  {
    "lastName": "Baker"
  },
  {
    "firstName": "Sarah",
    "lastName": "Day"
  },
  {
    "firstName": "Gary",
    "lastName": "Stevens"
  },
  {
    "firstName": "Chris",
    "lastName": "Mitchell"
  },
  {
    "firstName": "Rachel",
    "lastName": "Johnson"
  },
  {
    "lastName": "Lawson"
  },
  {
    "firstName": "Jean",
    "lastName": "Henry"
  },
  {
    "firstName": "Fred",
    "lastName": "Barnes"
  },
  {
    "firstName": "Billy",
    "lastName": "Parker"
  },
  {
    "firstName": "Jonathan",
    "lastName": "Rodriguez"
  },
  {
    "firstName": "Patricia",
    "lastName": "Fuller"
  },
  {
    "firstName": "Jacqueline",
    "lastName": "Perez"
  },
  {
    "lastName": "Stewart"
  },
  {
    "firstName": "Doris",
    "lastName": "Cook"
  },
  {
    "lastName": "Harrison"
  },
  {
    "firstName": "Kathy",
    "lastName": "Gilbert"
  },
  {
    "firstName": "Gloria",
    "lastName": "Alexander"
  },
  {
    "lastName": "Moreno"
  }
]